"YYYY-MMM","KWH"
2014 Jan,10461893.8801325
2014 Feb,8549420.56845156
2014 Mar,7105081.49785157
2014 Apr,6165854.26503853
2014 May,5998281.96777218
2014 Jun,8101645.34100694
2014 Jul,9472016.22326035
2014 Aug,10060425.1197345
2014 Sep,8660608.1760035
2014 Oct,6168944.14528043
2014 Nov,6040250.73571192
2014 Dec,8019825.15176505
