"ATM","total_cash"
"may_atm1",2576.47534157257
"may_atm2",1853.74951837069
"may_atm3",2717.66666666667
"may_atm4",12975.5235747083
